hilton.moen@rogahn.name,Rachelle Schultz,6792748961
heber_hessel@littel.com,Keshaun Yundt,669.766.3608
henderson_bins@wolff.info,Melvina Baumbach,3728623251
asa2012@reichel.com,Lolita Wisozk,536/809-2211
zackary2065@bechtelar.info,Ms. Samson Langosh V,234/438-3566
terrill_harvey@powlowski.name,Angeline Howe DDS,240-884-1478
vickie_turcotte@ward.net,Noelia Rempel IV,372-332-0581
dominic2071@feil.name,Victor Gislason,975.587.9342
reese_johns@conn.name,Joyce Gusikowski,(910) 321-7794
arlene2083@monahan.biz,Cornell Strosin,(774) 595-1267
tyler.stanton@swaniawski.info,Amalia Luettgen,8038231039
tatum.rutherford@barton.info,Griffin Witting,3573834281
shannon2023@nikolaus.name,Carlos Parker,(676) 376-5186
winnifred1933@sanford.biz,Kip Larkin Sr.,217-957-6738
lula.nikolaus@kovacek.org,Katlyn Auer IV,(669) 386-2636
savannah.bednar@zieme.com,Garrison Fay,282/889-3479
garett.harber@prohaska.info,Mariane Olson,738/434-4304
weldon.rosenbaum@strosin.net,Marlon Price,8893223461
iliana2072@pagac.net,Reilly Walsh,556-865-6588
timmothy1954@gusikowski.info,Valentine Zulauf,813/528-7899
benny1903@homenick.net,Van Langosh,679/288-4856
amya1996@dickens.biz,Jessika Jacobs,3097181491
jaylan.hahn@tromp.org,Talon Feeney,935-514-5521
oliver_robel@schmitt.org,Columbus Goodwin,847/282-4621
carolina.ledner@prohaska.org,Judy Ledner Jr.,(740) 315-7875
barry.kutch@hand.com,Chesley Gorczany,825/799-4006
bernita1933@wehner.net,Richmond Friesen,(633) 403-7894
stanton.borer@wiegand.name,Rubye Torphy,(710) 477-6186
darryl1968@volkman.info,Dr. Philip Powlowski Sr.,852/883-1428
leora1934@gleichner.biz,Janessa Stanton,679-287-2862
vidal1917@roberts.com,Matt Hilpert,4857248175
favian2025@wilderman.name,Erin Kertzmann,705-422-9210
xzavier.witting@okuneva.com,Payton Hand I,368/937-8955
lyric_gusikowski@keeling.org,Stacey Baumbach,707-618-7573
shaun1922@bins.name,Frieda Beahan MD,330.662.1365
rosario1997@gislason.net,Ms. Chaya Collins,(970) 243-3484
gisselle.ferry@brekke.org,Miss Lee Tremblay,273/618-4914
santina2028@kiehn.info,Elian Bruen,(854) 253-0251
virgie.damore@boyle.info,Celestine Deckow,4554127571
kiarra2052@bogan.biz,Miss Jamie Langosh,(832) 273-3588
colten.zemlak@fritsch.net,Karson Jones,932/447-1540
hank.parisian@bode.name,Kristofer Lind,619/902-8366
rosalinda_larkin@batz.info,Kim Schowalter,(406) 478-4475
greg_wyman@mohr.org,Domingo Bartoletti I,283-386-4978
zechariah_wilderman@auer.com,Kelli McKenzie,3274577472
weston_johnson@doyle.net,Carley Douglas,904-263-9434
asdasdasdsasd,asdasdasd,adasdads
gordon.bergnaum@trantow.org,Ms. Heloise Zulauf,508-477-9532
ulises2061@roberts.org,Edyth Orn,951-977-5470
michale2018@tromp.name,Carissa Fahey,978/352-6102
else_raynor@oconnell.net,Willard Berge V,942-845-6994
jaycee1998@oberbrunner.biz,Myah Wuckert III,630-484-6508
myrl_predovic@kemmer.info,Broderick Franecki,870-591-9240
julia_franecki@damore.info,Gardner Terry,968-815-5920
bailey2035@stracke.name,Loyce Boyer,349/865-3448
giuseppe_kuvalis@torp.net,Ms. Archibald Torp,6764435486
juliet2096@macgyver.net,Cali Hegmann,910-369-5252
elisabeth_barton@wiza.name,Hipolito Schowalter,840.399.8206
erin1960@schultz.biz,Elisha Auer,572-324-3767
brendon2030@haley.name,Watson Predovic DDS,521.843.6533
alisa_robel@witting.biz,Mollie Kub,756/523-8577
timothy.hand@lindgren.com,Justus Kunze,(505) 337-0708
effie1988@collins.org,Allene Abernathy,2815751898
bradley1945@ward.com,Mrs. Mabelle Johnson MD,242-849-8067
diana2090@auer.org,Timmothy Predovic DVM,7313492555
wilfred2027@murray.biz,Mason Romaguera,3119311080
wendy2035@torp.net,Dr. Gabriel Gutmann III,(615) 855-5392
hertha2039@corkery.com,Mason Hackett,3654221140
eleanore2031@wisozk.net,Hiram Fahey,9556810059
nola2046@smitham.biz,Charlene Cummerata,(679) 588-5038
kennedy2000@wilderman.net,Regan Krajcik,828.782.7382
horacio1952@marks.name,Adolf Homenick,718-396-8978
gianni2099@miller.name,Linwood Wiegand,572/541-2547
bartholome2073@hermann.biz,Henry Walker,(482) 429-6083
florence_auer@zulauf.org,Dr. Duane Denesik I,447/634-8353
golda1944@beer.net,Alayna Haley,570/434-1630
erling2063@schinner.com,Ricky Gutkowski,917/229-6889
esperanza1915@schimmel.net,Carolina Prohaska,206/829-4620
kenton.lowe@hackett.com,Jayda Gulgowski,469/449-0392
gaylord2028@yost.org,Kian Bogan,6228047591
tyree2058@ritchie.net,Hillary Littel,9109637507
kamryn_frami@hodkiewicz.name,Dr. Julie Frami,775.547.3749
lois_wolf@hermiston.net,Kathryne Hills,802-758-2821
horace_bergstrom@von.net,Jacinto Crist,(776) 706-5168
felton_armstrong@hamill.org,Rita Windler,(923) 216-0703
agustin.ohara@strosin.name,Nicholas Greenholt PhD,933-593-9344
elenora_hegmann@herman.net,Dean Weimann III,614/754-7228
sheldon.blanda@vandervort.com,Julius Upton,726-456-9216
earnest.waelchi@baumbach.name,Melyssa Kulas,402.562.4938
verlie.hirthe@schmidt.name,Imogene Little PhD,433-887-2611
maude1915@larkin.com,Abe Boyle,233.914.1495
rodrigo1950@buckridge.com,Craig McDermott,657/387-1015
linnea.braun@stracke.org,Miss Jerel Schuster,(346) 498-9638
montana1965@mcclure.name,Dagmar Lind,460/536-5736
vesta.fadel@simonis.com,Rebeka Swift,878/795-1173
maybelle.block@simonis.biz,Cicero Ankunding,8495354968
lizzie1974@cummings.net,Cornell Padberg,(951) 251-1750
bill2016@mann.net,Harmon Dicki,(920) 527-9169
clair1967@abshire.net,Carley White,362/219-2967
saul2045@lynch.biz,Baylee Maggio,6095067341
alex2087@reinger.net,Justen O'Conner,(584) 889-9651
helene_tromp@mayer.biz,Maci Littel,861.864.9652
ora2089@dickens.com,Winnifred Schmidt,421/798-2211
crystal1920@rolfson.info,Jaylan Kilback,286/644-7523
mylene_pagac@mcdermott.net,Mrs. Jarrett Shanahan,902/989-9717
tia2044@turner.name,Cleveland Kiehn,7546092441
sandra.mertz@lemke.org,Elvis Zemlak IV,255.954.2571
conner_gerhold@jerde.name,Braulio Carroll,(488) 956-8052
loren.tromp@morissette.info,Mr. Karianne Wilkinson Sr.,546.859.0359
nathanael2081@price.info,Mr. Muhammad Ledner,454/676-9082
karlee2003@strosin.biz,Dakota Gerhold,303/892-0195
kane2061@lockman.net,Monique Langosh,203-982-8461
vince_johns@dach.info,Terrill Stokes,513/492-3716
sammy.feeney@kutch.name,Mr. Pattie Lubowitz,834/897-4558
lisette2014@von.com,Claudine O'Reilly,(500) 257-6817
johnnie2042@ferry.org,Miss Donavon Maggio,248-889-1002
ed1905@mcdermott.info,Mr. Paul Grant IV,983/858-4738
ima2056@schaefer.net,Dr. Cedrick Huels II,217/731-7099
laney.zboncak@wehner.net,Alexa Leffler,(625) 425-3211
lilyan.nienow@collier.org,Twila Hettinger PhD,7536781738
cielo_jacobs@purdy.name,Jonathan Fadel,(584) 996-6234
kole2038@grant.com,Lindsey Gleichner,(469) 349-9951
gennaro_zulauf@becker.info,Gisselle Rath,(723) 568-3360
pierce.williamson@koelpin.name,Ladarius Douglas,384-731-6643
lavern1954@reichel.biz,Mr. Geovanny Mraz,652/807-1390
bryce_adams@leannon.info,Miss Jadyn O'Keefe MD,705/751-0372
hope_rohan@gottlieb.org,Elouise Anderson,674/236-4925
karlie.muller@murray.net,Camren Brekke,8749511084
reagan1962@jast.info,Vince Nienow Jr.,607-781-3993
savion_kub@erdman.name,Oren Lang,222/553-9781
virgie.rodriguez@koepp.info,Joaquin McLaughlin,763.279.7394
alena_gleason@buckridge.biz,Olaf Lebsack,(544) 798-5120
nathaniel_halvorson@bernier.net,Patience Parker,982-235-9178
ryann2088@spencer.net,Gladys Bartoletti DDS,509/348-5549
alyson_will@fahey.org,Jarred Hackett,(634) 275-8961
anya.von@windler.com,Fiona Waelchi,(505) 367-1860
hadley2002@skiles.net,Miss Alysson Orn,410/571-0450
darrick_kassulke@marks.info,Mayra Jones,386-324-3525
branson.bradtke@stanton.biz,Ms. Vicenta Huel,316-784-4945
rowland1937@lockman.biz,Warren Murray,713.338.1549
maddison1995@beahan.name,Pietro Nitzsche,682/954-5965
chaya.kassulke@morissette.net,Eddie Jaskolski,302.942.4079
mohammed2022@beer.org,Aurelie Corwin,883/635-4564
etha.ziemann@douglas.com,Shaina Lockman,820-714-8873
jaydon1903@mcglynn.com,Magdalena Jerde,(550) 595-6831
harry@test.com,harry,123456789
